Date,Customer Name,Order #,Revenue,Sales Rep Name,Commission Rate,Commission
1/1/2019,Alpha Software,i-100001,202.33,Jimena Carrillo,0.1,20.23
2/1/2019,Soul Solutions,i-100002,592.22,Emma Ford,0.1,59.22
3/1/2019,Ironavigation,i-100003,59.44,Lily Grant,0.04,2.38
4/1/2019,Ironavigation,i-100004,283.33,Jamie Webb,0.1,28.33
5/1/2019,Soul Solutions,i-100005,19.0,Jamie Webb,0.0,0.0
6/1/2019,Alpire,i-100006,43.03,Emma Ford,0.0,0.0
7/1/2019,Oystertainment,i-100007,23.34,Jimena Carrillo,0.0,0.0
8/1/2019,Titanium Systems,i-100008,230.3,Lily Grant,0.1,23.03
9/1/2019,Surprise Media,i-100009,430.33,Lily Grant,0.1,43.03
10/1/2019,Apexshow,i-100010,492.32,Emma Ford,0.1,49.23
10/1/2019,Ironavigation,i-100011,23.34,Jimena Carrillo,0.0,0.0
11/1/2019,Oystertainment,i-100012,230.23,Lily Grant,0.1,23.02
12/1/2019,Rush Inc.,i-100013,85.44,Jimena Carrillo,0.06,5.13
13/1/2019,Titanium Systems,i-100014,79.92,Emma Ford,0.06,4.8
14/1/2019,Apexshow,i-100015,82.99,Jimena Carrillo,0.06,4.98
15/1/2019,Ironavigation,i-100016,72.02,Lily Grant,0.04,2.88
16/1/2019,Oystertainment,i-100017,84.95,Emma Ford,0.06,5.1
16/1/2019,Rush Inc.,i-100018,19.0,Lily Grant,0.0,0.0
17/1/2019,Apexshow,i-100019,82.99,Jimena Carrillo,0.06,4.98
17/1/2019,Ironavigation,i-100020,59.44,Emma Ford,0.04,2.38
17/1/2019,Soul Solutions,i-100021,43.03,Jimena Carrillo,0.01,0.43
18/1/2019,Ironavigation,i-100022,23.34,Lily Grant,0.0,0.0
19/1/2019,Alpire,i-100023,230.3,Jimena Carrillo,0.1,23.03
20/1/2019,Apexshow,i-100024,430.33,Emma Ford,0.07,30.12
21/1/2019,Ironavigation,i-100025,72.02,Lily Grant,0.04,2.88
22/1/2019,Oystertainment,i-100026,283.33,Jimena Carrillo,0.1,28.33
31/1/2019,Apexshow,i-100027,82.99,Jimena Carrillo,0.06,4.98
1/2/2019,Ironavigation,i-100028,202.33,Jimena Carrillo,0.1,20.23
2/2/2019,Soul Solutions,i-100029,592.22,Emma Ford,0.14,82.91
3/2/2019,Alpha Software,i-100030,59.44,Lily Grant,0.04,2.38
4/2/2019,Oystertainment,i-100031,283.33,Jamie Webb,0.1,28.33
5/2/2019,Rush Inc.,i-100032,19.0,Jamie Webb,0.0,0.0
6/2/2019,Soul Solutions,i-100033,43.03,Emma Ford,0.01,0.43
7/2/2019,Ironavigation,i-100034,23.34,Jimena Carrillo,0.0,0.0
8/2/2019,Alpire,i-100035,230.3,Lily Grant,0.1,23.03
9/2/2019,Apexshow,i-100036,430.33,Lily Grant,0.07,30.12
10/2/2019,Surprise Media,i-100037,492.32,Emma Ford,0.14,68.92
20/2/2019,Apexshow,i-100038,230.23,Lily Grant,0.04,9.21
22/2/2019,Oystertainment,i-100039,85.44,Jimena Carrillo,0.22,18.8
23/2/2019,Titanium Systems,i-100040,79.92,Emma Ford,0.03,2.4
24/2/2019,Oystertainment,i-100041,82.99,Jimena Carrillo,0.06,4.98
25/2/2019,Ironavigation,i-100042,72.02,Lily Grant,0.04,2.88
26/2/2019,Titanium Systems,i-100043,84.95,Emma Ford,0.08,6.8
1/3/2019,Alpire,i-100044,230.3,Jimena Carrillo,0.1,23.03
2/3/2019,Apexshow,i-100045,430.33,Emma Ford,0.07,30.12
3/3/2019,Ironavigation,i-100046,72.02,Lily Grant,0.04,2.88
4/3/2019,Oystertainment,i-100047,283.33,Jimena Carrillo,0.1,28.33
5/3/2019,Apexshow,i-100048,82.99,Jimena Carrillo,0.06,4.98
6/3/2019,Ironavigation,i-100049,202.33,Jamie Webb,0.1,20.23
7/3/2019,Soul Solutions,i-100050,592.22,Emma Ford,0.14,82.91
8/3/2019,Alpha Software,i-100051,59.44,Lily Grant,0.04,2.38
9/3/2019,Oystertainment,i-100052,283.33,Jamie Webb,0.1,28.33
10/3/2019,Soul Solutions,i-100053,43.03,Emma Ford,0.01,0.43
11/3/2019,Ironavigation,i-100054,23.34,Jimena Carrillo,0.0,0.0
12/3/2019,Alpire,i-100055,130.32,Lily Grant,0.1,13.03
13/3/2019,Apexshow,i-100056,430.33,Jimena Carrillo,0.07,30.12
14/3/2019,Surprise Media,i-100057,567.11,Jimena Carrillo,0.0,0.0
15/3/2019,Apexshow,i-100058,230.23,Lily Grant,0.04,9.21
16/3/2019,Oystertainment,i-100059,85.44,Jimena Carrillo,0.22,18.8
17/3/2019,Titanium Systems,i-100060,20.23,Emma Ford,0.21,4.25
18/3/2019,Oystertainment,i-100061,82.99,Jimena Carrillo,0.06,4.98
19/3/2019,Ironavigation,i-100062,861.3,Jamie Webb,0.1,86.13
20/3/2019,Soul Solutions,i-100063,190.0,Jimena Carrillo,0.0,0.0
21/3/2019,Soul Solutions,i-100064,592.22,Emma Ford,0.02,11.84
22/3/2019,Apexshow,i-100065,230.23,Lily Grant,0.04,9.21
29/3/2019,Alpire,i-100066,132.0,Jamie Webb,0.0,0.0
31/3/2019,Oystertainment,i-100067,178.3,Jimena Carrillo,0.1,17.83
